股票代碼,股票名稱,EPS,ROE,營收成長率,速動比率,現價,市值
2330.TW,Taiwan Semiconductor Manufacturing Company Limited,45.22,30.036,38.800000000000004,2.131,910.0,23598756528128
2317.TW,"Hon Hai Precision Industry Co., Ltd.",10.8,9.7049996,15.0,1.153,146.0,2027750293504
2412.TW,"Chunghwa Telecom Co., Ltd.",4.78,9.719,5.5,1.168,128.5,996832378880
2454.TW,MediaTek Inc.,66.8,27.497998000000003,6.5,1.023,1390.0,2215479345152
2303.TW,United Microelectronics Corporation,3.74,12.770000000000001,9.9,2.006,44.65,560732569600
2308.TW,"Delta Electronics, Inc.",13.52,15.467,14.2,1.455,360.0,935114440704
